<?xml version="1.0"?>
<doc>
  <assembly>
    <name>NServiceBus.Host</name>
  </assembly>
  <members>
    <member name="T:NServiceBus.Hosting.Windows.Installers.WindowsInstaller">
      <summary>
            Windows Installer for NService Bus Host
            </summary>
    </member>
    <member name="M:NServiceBus.Hosting.Windows.Installers.WindowsInstaller.Install(System.Collections.Generic.IEnumerable{System.String},System.String)">
      <summary>
            Run installers (infrastructure and per endpoint) and handles profiles.
            </summary>
      <param name="args">
      </param>
      <param name="configFile">
      </param>
    </member>
    <member name="M:NServiceBus.Hosting.Windows.Installers.WindowsInstaller.RunInstall">
      <summary>
            Run Install
            </summary>
    </member>
    <member name="T:NServiceBus.Distributor">
      <summary>
            Feature Profile for starting the Distributor without a worker running on its endpoint
            </summary>
    </member>
    <member name="T:NServiceBus.MultiSite">
      <summary>
            Indicates that this node has a Gateway access to it.
            </summary>
    </member>
    <member name="T:NServiceBus.Hosting.Windows.Profiles.Handlers.WindowsInstallerRunner">
      <summary>
            Responsible for running the installers if necessary
            </summary>
    </member>
    <member name="M:NServiceBus.Hosting.Windows.Profiles.Handlers.WindowsInstallerRunner.Run">
      <summary>
            Runs the installers if necessary.
            </summary>
    </member>
    <member name="P:NServiceBus.Hosting.Windows.Profiles.Handlers.WindowsInstallerRunner.RunInstallers">
      <summary>
            True if installers should be invoked
            </summary>
    </member>
    <member name="P:NServiceBus.Hosting.Windows.Profiles.Handlers.WindowsInstallerRunner.RunInfrastructureInstallers">
      <summary>
            True if infrastructure installers should be invoked
            </summary>
    </member>
    <member name="T:NServiceBus.Master">
      <summary>
            Indicates that this node is the master node for its set of messages.
            </summary>
    </member>
    <member name="T:NServiceBus.Time">
      <summary>
            Indicates that this node will have a Timeout manager
            </summary>
    </member>
    <member name="T:NServiceBus.Worker">
      <summary>
            Indicates that this node is a worker node that will process messages coming from its distributor
            </summary>
    </member>
    <member name="T:NServiceBus.AsA_Server">
      <summary>
            Indicates this endpoint is a server.
            As such will be set up as a transactional endpoint using impersonation, not purging messages on startup.
            </summary>
    </member>
    <member name="T:NServiceBus.AsA_Publisher">
      <summary>
            Indicates this endpoint is a publisher.
            This is compatible with <see cref="T:NServiceBus.AsA_Server" /> but not <see cref="T:NServiceBus.AsA_Client" />.
            </summary>
    </member>
    <member name="T:NServiceBus.Hosting.Windows.LoggingHandlers.IntegrationLoggingHandler">
      <summary>
            Handles logging configuration for the integration profile.
            </summary>
    </member>
    <member name="T:NServiceBus.Hosting.Windows.LoggingHandlers.LiteLoggingHandler">
      <summary>
            Handles logging configuration for the lite profile.
            </summary>
    </member>
    <member name="M:NServiceBus.Hosting.Windows.LoggingHandlers.LiteLoggingHandler.PrepareColors(log4net.Appender.ColoredConsoleAppender)">
      <summary>
             Sets default colors for a ColredConsoleAppender
            </summary>
      <param name="a">
      </param>
    </member>
    <member name="T:NServiceBus.Hosting.Windows.LoggingHandlers.ProductionLoggingHandler">
      <summary>
            Handles logging configuration for the production profile
            </summary>
    </member>
    <member name="T:NServiceBus.Hosting.Windows.Profiles.Handlers.PerformanceCountersProfileHandler">
      <summary>
            Handles the PerformanceCounters profile.
            </summary>
    </member>
    <member name="T:NServiceBus.Hosting.Windows.Roles.Handlers.ClientRoleHandler">
      <summary>
            Handles configuration related to the client role
            </summary>
    </member>
    <member name="M:NServiceBus.Hosting.Windows.Roles.Handlers.ClientRoleHandler.ConfigureRole(NServiceBus.IConfigureThisEndpoint)">
      <summary>
            Configures the UnicastBus with typical settings for a client
            </summary>
      <param name="specifier">
      </param>
      <returns>
      </returns>
    </member>
    <member name="T:NServiceBus.Hosting.Windows.Roles.Handlers.ServerRoleHandler">
      <summary>
            Handles configuration related to the server role
            </summary>
    </member>
    <member name="M:NServiceBus.Hosting.Windows.Roles.Handlers.ServerRoleHandler.ConfigureRole(NServiceBus.IConfigureThisEndpoint)">
      <summary>
            Configures the UnicastBus with typical settings for a server
            </summary>
      <param name="specifier">
      </param>
      <returns>
      </returns>
    </member>
    <member name="T:NServiceBus.Hosting.Windows.WindowsHost">
      <summary>
            A windows implementation of the NServiceBus hosting solution
            </summary>
    </member>
    <member name="M:NServiceBus.Hosting.Windows.WindowsHost.#ctor(System.Type,System.String[],System.String,System.Boolean,System.Boolean,System.Collections.Generic.IEnumerable{System.String})">
      <summary>
            Accepts the type which will specify the users custom configuration.
            This type should implement <see cref="T:NServiceBus.IConfigureThisEndpoint" />.
            </summary>
      <param name="endpointType">
      </param>
      <param name="args">
      </param>
      <param name="endpointName">
      </param>
      <param name="runOtherInstallers">
      </param>
      <param name="runInfrastructureInstallers">
      </param>
      <param name="scannableAssembliesFullName">Name of scan-able assemblies</param>
    </member>
    <member name="M:NServiceBus.Hosting.Windows.WindowsHost.OnCriticalError">
      <summary>
            Windows hosting behavior when critical error occurs is suicide.
            </summary>
    </member>
    <member name="M:NServiceBus.Hosting.Windows.WindowsHost.Start">
      <summary>
            Does startup work.
            </summary>
    </member>
    <member name="M:NServiceBus.Hosting.Windows.WindowsHost.Stop">
      <summary>
            Does shutdown work.
            </summary>
    </member>
    <member name="M:NServiceBus.Hosting.Windows.WindowsHost.Install">
      <summary>
            Performs installations
            </summary>
    </member>
    <member name="T:NServiceBus.Integration">
      <summary>
            Indicates that infrastructure suitable for integration environments be used.
            </summary>
    </member>
    <member name="T:NServiceBus.Lite">
      <summary>
            Indicates that the lightest weight infrastructure should be used.
            </summary>
    </member>
    <member name="T:NServiceBus.PerformanceCounters">
      <summary>
            Indicates that performance counters should be published.
            </summary>
    </member>
    <member name="T:NServiceBus.Production">
      <summary>
            Indicates that the infrastructure should configure itself for production.
            </summary>
    </member>
    <member name="T:NServiceBus.Hosting.Windows.Program">
      <summary>
            Entry point to the process.
            </summary>
    </member>
    <member name="M:NServiceBus.Hosting.Windows.Program.GetEndpointName(System.Type,NServiceBus.Hosting.Windows.Arguments.HostArguments)">
      <summary>
            Gives a string which serves to identify the endpoint.
            </summary>
      <param name="endpointConfigurationType">
      </param>
      <param name="arguments">
      </param>
      <returns>
      </returns>
    </member>
    <member name="T:NServiceBus.Hosting.Windows.HostServiceLocator">
      <summary>
            Plugs into the generic service locator to return an instance of <see cref="T:NServiceBus.Hosting.GenericHost" />.
            </summary>
    </member>
    <member name="F:NServiceBus.Hosting.Windows.HostServiceLocator.Args">
      <summary>
            Command line arguments.
            </summary>
    </member>
    <member name="M:NServiceBus.Hosting.Windows.HostServiceLocator.DoGetInstance(System.Type,System.String)">
      <summary>
            Returns an instance of <see cref="T:NServiceBus.Hosting.GenericHost" /></summary>
      <param name="serviceType">
      </param>
      <param name="key">
      </param>
      <returns>
      </returns>
    </member>
    <member name="M:NServiceBus.Hosting.Windows.HostServiceLocator.DoGetAllInstances(System.Type)">
      <summary>
            Not implemented.
            </summary>
      <param name="serviceType">
      </param>
      <returns>
      </returns>
    </member>
    <member name="T:NServiceBus.AsA_Client">
      <summary>
            Indicates this endpoint is a client.
            As such will be set up as a non-transactional endpoint with no impersonation and purging messages on startup.
            </summary>
    </member>
    <member name="T:NServiceBus.EndpointNameAttribute">
      <summary>
            Used to specify the name of the current endpoint.
            Will be used as the name of the input queue as well.
            </summary>
    </member>
    <member name="M:NServiceBus.EndpointNameAttribute.#ctor(System.String)">
      <summary>
            Used to specify the name of the current endpoint.
            Will be used as the name of the input queue as well.
            </summary>
      <param name="name">
      </param>
    </member>
    <member name="P:NServiceBus.EndpointNameAttribute.Name">
      <summary>
            The name of the endpoint.
            </summary>
    </member>
    <member name="T:NServiceBus.EndpointSLAAttribute">
      <summary>
            Defines the SLA for this endpoint. Needs to be set on the endpoint configuration class
            </summary>
    </member>
    <member name="M:NServiceBus.EndpointSLAAttribute.#ctor(System.String)">
      <summary>
            Used to define the SLA for this endpoint
            </summary>
      <param name="sla">A timespan</param>
    </member>
    <member name="P:NServiceBus.EndpointSLAAttribute.SLA">
      <summary>
            The SLA of the endpoint.
            </summary>
    </member>
    <member name="T:NServiceBus.IWantCustomInitialization">
      <summary>
            If you want to specify your own container or serializer,
            implement this interface on the class which implements <see cref="T:NServiceBus.IConfigureThisEndpoint" />.
            
            Implementors will be invoked before the endpoint starts up.
            Dependency injection is not provided for these types.
            </summary>
    </member>
    <member name="M:NServiceBus.IWantCustomInitialization.Init">
      <summary>
            Perform initialization logic.
            </summary>
    </member>
    <member name="T:NServiceBus.IWantTheEndpointConfig">
      <summary>
            Implementors will be provided with a reference to IConfigureThisEndpoint.
            Implementors must inherit either <see cref="T:NServiceBus.Hosting.Profiles.IHandleProfile" /> or <see cref="T:NServiceBus.IWantCustomInitialization" />.
            </summary>
    </member>
    <member name="P:NServiceBus.IWantTheEndpointConfig.Config">
      <summary>
            This property will be set by the infrastructure.
            </summary>
    </member>
    <member name="T:NServiceBus.Hosting.Helpers.AssemblyScanner">
      <summary>
            Helpers for assembly scanning operations
            </summary>
    </member>
    <member name="M:NServiceBus.Hosting.Helpers.AssemblyScanner.GetScannableAssemblies">
      <summary>
            Gets a list of assemblies that can be scanned and a list of errors that occurred while scanning.
            
            </summary>
      <returns>
      </returns>
    </member>
    <member name="T:NServiceBus.Hosting.Configuration.ConfigManager">
      <summary>
            Configures the host upon startup
            </summary>
    </member>
    <member name="M:NServiceBus.Hosting.Configuration.ConfigManager.#ctor(System.Collections.Generic.IEnumerable{System.Reflection.Assembly},NServiceBus.IConfigureThisEndpoint)">
      <summary>
            Contructs the manager with the given user configuration and the list of assemblies that should be scanned
            </summary>
      <param name="assembliesToScan">
      </param>
      <param name="specifier">
      </param>
    </member>
    <member name="M:NServiceBus.Hosting.Configuration.ConfigManager.ConfigureCustomInitAndStartup">
      <summary>
            Configures the user classes that need custom config and those that are marked to run at startup
            </summary>
    </member>
    <member name="M:NServiceBus.Hosting.Configuration.ConfigManager.Startup">
      <summary>
            Executes the user classes that are marked as "run at startup"
            </summary>
    </member>
    <member name="M:NServiceBus.Hosting.Configuration.ConfigManager.Shutdown">
      <summary>
            Shutsdown the user classes started earlier
            </summary>
    </member>
    <member name="T:NServiceBus.Hosting.IHost">
      <summary>
            Identifies a host
            </summary>
    </member>
    <member name="M:NServiceBus.Hosting.IHost.Start">
      <summary>
            Does startup work.
            </summary>
    </member>
    <member name="M:NServiceBus.Hosting.IHost.Stop">
      <summary>
            Does shutdown work.
            </summary>
    </member>
    <member name="M:NServiceBus.Hosting.IHost.Install``1">
      <summary>
            Performs nessesary installation
            </summary>
    </member>
    <member name="T:NServiceBus.Hosting.GenericHost">
      <summary>
            A generic host that can be used to provide hosting services in different environments
            </summary>
    </member>
    <member name="M:NServiceBus.Hosting.GenericHost.Start">
      <summary>
            Creates and starts the bus as per the configuration
            </summary>
    </member>
    <member name="M:NServiceBus.Hosting.GenericHost.Stop">
      <summary>
            Finalize
            </summary>
    </member>
    <member name="M:NServiceBus.Hosting.GenericHost.Install``1">
      <summary>
            When installing as windows service (/install), run infrastructure installers
            </summary>
      <typeparam name="TEnvironment">
      </typeparam>
    </member>
    <member name="M:NServiceBus.Hosting.GenericHost.#ctor(NServiceBus.IConfigureThisEndpoint,System.String[],System.Collections.Generic.IEnumerable{System.Type},System.String,System.Collections.Generic.IEnumerable{System.String})">
      <summary>
            Accepts the type which will specify the users custom configuration.
            This type should implement <see cref="T:NServiceBus.IConfigureThisEndpoint" />.
            </summary>
      <param name="specifier">
      </param>
      <param name="args">
      </param>
      <param name="defaultProfiles">
      </param>
      <param name="endpointName">
      </param>
      <param name="scannableAssembliesFullName">Assemblies full name that were scanned.</param>
    </member>
    <member name="T:NServiceBus.IConfigureLogging">
      <summary>
            Called in order to configure logging.
            
            If you want logging configured regardless of profiles, do not use this interface,
            instead implement <see cref="T:NServiceBus.IWantCustomLogging" /> on the class which implements <see cref="T:NServiceBus.IConfigureThisEndpoint" />.
            
            Implementors should work against the generic version of this interface.
            </summary>
    </member>
    <member name="M:NServiceBus.IConfigureLogging.Configure(NServiceBus.IConfigureThisEndpoint)">
      <summary>
            Performs all logging configuration.
            </summary>
    </member>
    <member name="T:NServiceBus.IConfigureLoggingForProfile`1">
      <summary>
            Called in order to configure logging for the given profile type.
            If an implementation isn't found for a given profile, then the search continues
            recursively up that profile's inheritance hierarchy.
            </summary>
      <typeparam name="T">
      </typeparam>
    </member>
    <member name="T:NServiceBus.Hosting.Helpers.AssemblyScannerResults">
      <summary>
            Holds GetScannableAssemblies results.
            Contains list of errors and list of scan-able assemblies.
            </summary>
    </member>
    <member name="M:NServiceBus.Hosting.Helpers.AssemblyScannerResults.#ctor">
      <summary>
            Constructor to initialize AssemblyScannerResults
            </summary>
    </member>
    <member name="M:NServiceBus.Hosting.Helpers.AssemblyScannerResults.ToString">
      <summary>
            Dump error to console.
            </summary>
    </member>
    <member name="P:NServiceBus.Hosting.Helpers.AssemblyScannerResults.Errors">
      <summary>
            List of errors that occurred during 
            </summary>
    </member>
    <member name="P:NServiceBus.Hosting.Helpers.AssemblyScannerResults.Assemblies">
      <summary>
      </summary>
    </member>
    <member name="T:NServiceBus.Hosting.Helpers.ErrorWhileScanningAssemblies">
      <summary>
            Error information that occurred while scanning assemblies.
            </summary>
    </member>
    <member name="M:NServiceBus.Hosting.Helpers.ErrorWhileScanningAssemblies.#ctor(System.Exception,System.String)">
      <summary>
            Adding an error
            </summary>
      <param name="ex">
      </param>
      <param name="errorMessage">
      </param>
    </member>
    <member name="M:NServiceBus.Hosting.Helpers.ErrorWhileScanningAssemblies.ToString">
      <summary>
            Convert to string errors while scanning assemblies
            </summary>
      <returns>
      </returns>
    </member>
    <member name="P:NServiceBus.Hosting.Helpers.ErrorWhileScanningAssemblies.ErrorMessage">
      <summary>
            Exception message.
            </summary>
    </member>
    <member name="P:NServiceBus.Hosting.Helpers.ErrorWhileScanningAssemblies.Exception">
      <summary>
            Exception that occurred.
            </summary>
    </member>
    <member name="T:NServiceBus.INameThisEndpoint">
      <summary>
            Implement this interface in the endpoint configuration class if you want to give this endpoint your own name
            </summary>
    </member>
    <member name="M:NServiceBus.INameThisEndpoint.GetName">
      <summary>
            Returns the name to be used for this endpoint
            </summary>
      <returns>
      </returns>
    </member>
    <member name="T:NServiceBus.Hosting.Profiles.IHandleProfile">
      <summary>
            Abstraction for code which will be called when the given profile is active.
            Implementors should implement IHandleProfile{T} rather than IHandleProfile.
            </summary>
    </member>
    <member name="M:NServiceBus.Hosting.Profiles.IHandleProfile.ProfileActivated">
      <summary>
            Called when a given profile is activated.
            </summary>
    </member>
    <member name="T:NServiceBus.Hosting.Profiles.IHandleProfile`1">
      <summary>
            Generic abstraction for code which will be called when the given profile is active.
            </summary>
      <typeparam name="T">
      </typeparam>
    </member>
    <member name="T:NServiceBus.IProfile">
      <summary>
            Marker interface to indicate a run-time profile.
            Implementors must be concrete class - interfaces are not supported.
            </summary>
    </member>
    <member name="T:NServiceBus.IWantCustomLogging">
      <summary>
            If you want to specify your own logging,
            implement this interface on the class which implements <see cref="T:NServiceBus.IConfigureThisEndpoint" />. 
            </summary>
    </member>
    <member name="M:NServiceBus.IWantCustomLogging.Init">
      <summary>
            Initialize logging.
            </summary>
    </member>
    <member name="T:NServiceBus.IWantToRunAtStartup">
      <summary>
            Implementers will be invoked when the endpoint starts up.
            Dependency injection is provided for these types.
            </summary>
    </member>
    <member name="M:NServiceBus.IWantToRunAtStartup.Run">
      <summary>
            Method called at startup.
            </summary>
    </member>
    <member name="M:NServiceBus.IWantToRunAtStartup.Stop">
      <summary>
            Method called on shutdown.
            </summary>
    </member>
    <member name="T:NServiceBus.IWantTheListOfActiveProfiles">
      <summary>
            Implementors will recieve by <see cref="T:NServiceBus.Hosting.Profiles.ProfileManager" /> the list of active Profiles. 
            Implementors must implement <see cref="T:NServiceBus.Hosting.Profiles.IHandleProfile" />.
            </summary>
    </member>
    <member name="P:NServiceBus.IWantTheListOfActiveProfiles.ActiveProfiles">
      <summary>
            ActiveProfiles list will be set by the infrastructure.
            </summary>
    </member>
    <member name="T:NServiceBus.Hosting.Profiles.ProfileActivator">
      <summary>
            Activates the profiles to be used
            </summary>
    </member>
    <member name="M:NServiceBus.Hosting.Profiles.ProfileActivator.Run">
      <summary>
            Activate profile handlers
            </summary>
    </member>
    <member name="P:NServiceBus.Hosting.Profiles.ProfileActivator.ProfileManager">
      <summary>
            The profile manager
            </summary>
    </member>
    <member name="T:NServiceBus.Hosting.Profiles.ProfileManager">
      <summary>
            Scans and loads profile handlers from the given assemblies
            </summary>
    </member>
    <member name="M:NServiceBus.Hosting.Profiles.ProfileManager.#ctor(System.Collections.Generic.IEnumerable{System.Reflection.Assembly},NServiceBus.IConfigureThisEndpoint,System.String[],System.Collections.Generic.IEnumerable{System.Type})">
      <summary>
            Initializes the manager with the assemblies to scan and the endpoint configuration to use
            </summary>
      <param name="assembliesToScan">
      </param>
      <param name="specifier">
      </param>
      <param name="args">
      </param>
      <param name="defaultProfiles">
      </param>
    </member>
    <member name="M:NServiceBus.Hosting.Profiles.ProfileManager.GetLoggingConfigurer">
      <summary>
            Returns an object to configure logging based on the specification and profiles passed in.
            </summary>
      <returns>
      </returns>
    </member>
    <member name="M:NServiceBus.Hosting.Profiles.ProfileManager.ActivateProfileHandlers">
      <summary>
            Activates the profile handlers that handle the previously identified active profiles. 
            </summary>
      <returns>
      </returns>
    </member>
    <member name="T:NServiceBus.Hosting.Roles.IConfigureRole">
      <summary>
            Interface that enables configuration based on specified role
            </summary>
    </member>
    <member name="M:NServiceBus.Hosting.Roles.IConfigureRole.ConfigureRole(NServiceBus.IConfigureThisEndpoint)">
      <summary>
            Applies the role configuration
            </summary>
      <param name="specifier">
      </param>
      <returns>
      </returns>
    </member>
    <member name="T:NServiceBus.Hosting.Roles.IConfigureRole`1">
      <summary>
            Generic helper interface for IConfigureRole
            </summary>
      <typeparam name="T">
      </typeparam>
    </member>
    <member name="T:NServiceBus.IConfigureThisEndpoint">
      <summary>
            Indicate that the implementing class will specify configuration.
            </summary>
    </member>
    <member name="T:NServiceBus.Hosting.Roles.IRole">
      <summary>
            Marker interface for roles
            </summary>
    </member>
    <member name="T:NServiceBus.Hosting.Roles.RoleManager">
      <summary>
            Handles the different roles that are registered
            </summary>
    </member>
    <member name="M:NServiceBus.Hosting.Roles.RoleManager.#ctor(System.Collections.Generic.IEnumerable{System.Reflection.Assembly})">
      <summary>
            Creates the manager with the list of assemblies to scan for roles
            </summary>
      <param name="assembliesToScan">
      </param>
    </member>
    <member name="M:NServiceBus.Hosting.Roles.RoleManager.ConfigureBusForEndpoint(NServiceBus.IConfigureThisEndpoint)">
      <summary>
            Checks if the specifier contains a given role and uses it to configure the UnicastBus appropriately.
            </summary>
      <param name="specifier">
      </param>
    </member>
    <member name="T:NServiceBus.Hosting.Wcf.WcfManager">
      <summary>
            Enable users to expose messages as WCF services
            </summary>
    </member>
    <member name="M:NServiceBus.Hosting.Wcf.WcfManager.Startup">
      <summary>
            Starts a servicehost for each found service. Defaults to BasicHttpBinding if
            no user specified binding is found
            </summary>
    </member>
    <member name="M:NServiceBus.Hosting.Wcf.WcfManager.Shutdown">
      <summary>
            Shutsdown the service hosts
            </summary>
    </member>
    <member name="T:NServiceBus.Hosting.Wcf.WcfServiceHost">
      <summary>
            A specialized service host that adds a default endpoint if non is specified in config
            </summary>
    </member>
    <member name="M:NServiceBus.Hosting.Wcf.WcfServiceHost.#ctor(System.Type)">
      <summary>
            Constructs the host with the given service type
            </summary>
      <param name="t">
      </param>
    </member>
    <member name="M:NServiceBus.Hosting.Wcf.WcfServiceHost.AddDefaultEndpoint(System.Type,System.ServiceModel.Channels.Binding,System.String)">
      <summary>
            Adds the given endpoint unless its already configured in app.config
            </summary>
      <param name="contractType">
      </param>
      <param name="binding">
      </param>
      <param name="address">
      </param>
    </member>
    <member name="T:Microsoft.Practices.ServiceLocation.ActivationException">
      <summary>
            The standard exception thrown when a ServiceLocator has an error in resolving an object.
            </summary>
    </member>
    <member name="M:Microsoft.Practices.ServiceLocation.ActivationException.#ctor">
      <summary>
            Initializes a new instance of the <see cref="T:System.Exception" /> class.
            </summary>
    </member>
    <member name="M:Microsoft.Practices.ServiceLocation.ActivationException.#ctor(System.String)">
      <summary>
            Initializes a new instance of the <see cref="T:System.Exception" /> class with a specified error message.
            </summary>
      <param name="message">
            The message that describes the error. 
             </param>
    </member>
    <member name="M:Microsoft.Practices.ServiceLocation.ActivationException.#ctor(System.String,System.Exception)">
      <summary>
            Initializes a new instance of the <see cref="T:System.Exception" /> class with a specified error message and a reference to the inner exception that is the cause of this exception.
            </summary>
      <param name="message">
            The error message that explains the reason for the exception. 
            </param>
      <param name="innerException">
            The exception that is the cause of the current exception, or a null reference (Nothing in Visual Basic) if no inner exception is specified. 
            </param>
    </member>
    <member name="M:Microsoft.Practices.ServiceLocation.ActivationException.#ctor(System.Runtime.Serialization.SerializationInfo,System.Runtime.Serialization.StreamingContext)">
      <summary>
            Initializes a new instance of the <see cref="T:System.Exception" /> class with serialized data.
            </summary>
      <param name="info">
            The <see cref="T:System.Runtime.Serialization.SerializationInfo" /> that holds the serialized object data about the exception being thrown. 
            </param>
      <param name="context">
            The <see cref="T:System.Runtime.Serialization.StreamingContext" /> that contains contextual information about the source or destination. 
            </param>
      <exception cref="T:System.ArgumentNullException">
            The <paramref name="info" /> parameter is null. 
            </exception>
      <exception cref="T:System.Runtime.Serialization.SerializationException">
            The class name is null or <see cref="P:System.Exception.HResult" /> is zero (0). 
            </exception>
    </member>
    <member name="T:Microsoft.Practices.ServiceLocation.IServiceLocator">
      <summary>
            The generic Service Locator interface. This interface is used
            to retrieve services (instances identified by type and optional
            name) from a container.
            </summary>
    </member>
    <member name="M:Microsoft.Practices.ServiceLocation.IServiceLocator.GetInstance(System.Type)">
      <summary>
            Get an instance of the given <paramref name="serviceType" />.
            </summary>
      <param name="serviceType">Type of object requested.</param>
      <exception cref="T:Microsoft.Practices.ServiceLocation.ActivationException">if there is an error resolving
            the service instance.</exception>
      <returns>The requested service instance.</returns>
    </member>
    <member name="M:Microsoft.Practices.ServiceLocation.IServiceLocator.GetInstance(System.Type,System.String)">
      <summary>
            Get an instance of the given named <paramref name="serviceType" />.
            </summary>
      <param name="serviceType">Type of object requested.</param>
      <param name="key">Name the object was registered with.</param>
      <exception cref="T:Microsoft.Practices.ServiceLocation.ActivationException">if there is an error resolving
            the service instance.</exception>
      <returns>The requested service instance.</returns>
    </member>
    <member name="M:Microsoft.Practices.ServiceLocation.IServiceLocator.GetAllInstances(System.Type)">
      <summary>
            Get all instances of the given <paramref name="serviceType" /> currently
            registered in the container.
            </summary>
      <param name="serviceType">Type of object requested.</param>
      <exception cref="T:Microsoft.Practices.ServiceLocation.ActivationException">if there is are errors resolving
            the service instance.</exception>
      <returns>A sequence of instances of the requested <paramref name="serviceType" />.</returns>
    </member>
    <member name="M:Microsoft.Practices.ServiceLocation.IServiceLocator.GetInstance``1">
      <summary>
            Get an instance of the given <typeparamref name="TService" />.
            </summary>
      <typeparam name="TService">Type of object requested.</typeparam>
      <exception cref="T:Microsoft.Practices.ServiceLocation.ActivationException">if there is are errors resolving
            the service instance.</exception>
      <returns>The requested service instance.</returns>
    </member>
    <member name="M:Microsoft.Practices.ServiceLocation.IServiceLocator.GetInstance``1(System.String)">
      <summary>
            Get an instance of the given named <typeparamref name="TService" />.
            </summary>
      <typeparam name="TService">Type of object requested.</typeparam>
      <param name="key">Name the object was registered with.</param>
      <exception cref="T:Microsoft.Practices.ServiceLocation.ActivationException">if there is are errors resolving
            the service instance.</exception>
      <returns>The requested service instance.</returns>
    </member>
    <member name="M:Microsoft.Practices.ServiceLocation.IServiceLocator.GetAllInstances``1">
      <summary>
            Get all instances of the given <typeparamref name="TService" /> currently
            registered in the container.
            </summary>
      <typeparam name="TService">Type of object requested.</typeparam>
      <exception cref="T:Microsoft.Practices.ServiceLocation.ActivationException">if there is are errors resolving
            the service instance.</exception>
      <returns>A sequence of instances of the requested <typeparamref name="TService" />.</returns>
    </member>
    <member name="T:Microsoft.Practices.ServiceLocation.Properties.Resources">
      <summary>
              A strongly-typed resource class, for looking up localized strings, etc.
            </summary>
    </member>
    <member name="P:Microsoft.Practices.ServiceLocation.Properties.Resources.ResourceManager">
      <summary>
              Returns the cached ResourceManager instance used by this class.
            </summary>
    </member>
    <member name="P:Microsoft.Practices.ServiceLocation.Properties.Resources.Culture">
      <summary>
              Overrides the current thread's CurrentUICulture property for all
              resource lookups using this strongly typed resource class.
            </summary>
    </member>
    <member name="P:Microsoft.Practices.ServiceLocation.Properties.Resources.ActivateAllExceptionMessage">
      <summary>
              Looks up a localized string similar to Activation error occured while trying to get all instances of type {0}.
            </summary>
    </member>
    <member name="P:Microsoft.Practices.ServiceLocation.Properties.Resources.ActivationExceptionMessage">
      <summary>
              Looks up a localized string similar to Activation error occured while trying to get instance of type {0}, key "{1}".
            </summary>
    </member>
    <member name="T:Microsoft.Practices.ServiceLocation.ServiceLocator">
      <summary>
            This class provides the ambient container for this application. If your
            framework defines such an ambient container, use ServiceLocator.Current
            to get it.
            </summary>
    </member>
    <member name="M:Microsoft.Practices.ServiceLocation.ServiceLocator.SetLocatorProvider(Microsoft.Practices.ServiceLocation.ServiceLocatorProvider)">
      <summary>
            Set the delegate that is used to retrieve the current container.
            </summary>
      <param name="newProvider">Delegate that, when called, will return
            the current ambient container.</param>
    </member>
    <member name="P:Microsoft.Practices.ServiceLocation.ServiceLocator.Current">
      <summary>
            The current ambient container.
            </summary>
    </member>
    <member name="T:Microsoft.Practices.ServiceLocation.ServiceLocatorImplBase">
      <summary>
            This class is a helper that provides a default implementation
            for most of the methods of <see cref="T:Microsoft.Practices.ServiceLocation.IServiceLocator" />.
            </summary>
    </member>
    <member name="M:Microsoft.Practices.ServiceLocation.ServiceLocatorImplBase.GetService(System.Type)">
      <summary>
            Implementation of <see cref="M:System.IServiceProvider.GetService(System.Type)" />.
            </summary>
      <param name="serviceType">The requested service.</param>
      <exception cref="T:Microsoft.Practices.ServiceLocation.ActivationException">if there is an error in resolving the service instance.</exception>
      <returns>The requested object.</returns>
    </member>
    <member name="M:Microsoft.Practices.ServiceLocation.ServiceLocatorImplBase.GetInstance(System.Type)">
      <summary>
            Get an instance of the given <paramref name="serviceType" />.
            </summary>
      <param name="serviceType">Type of object requested.</param>
      <exception cref="T:Microsoft.Practices.ServiceLocation.ActivationException">if there is an error resolving
            the service instance.</exception>
      <returns>The requested service instance.</returns>
    </member>
    <member name="M:Microsoft.Practices.ServiceLocation.ServiceLocatorImplBase.GetInstance(System.Type,System.String)">
      <summary>
            Get an instance of the given named <paramref name="serviceType" />.
            </summary>
      <param name="serviceType">Type of object requested.</param>
      <param name="key">Name the object was registered with.</param>
      <exception cref="T:Microsoft.Practices.ServiceLocation.ActivationException">if there is an error resolving
            the service instance.</exception>
      <returns>The requested service instance.</returns>
    </member>
    <member name="M:Microsoft.Practices.ServiceLocation.ServiceLocatorImplBase.GetAllInstances(System.Type)">
      <summary>
            Get all instances of the given <paramref name="serviceType" /> currently
            registered in the container.
            </summary>
      <param name="serviceType">Type of object requested.</param>
      <exception cref="T:Microsoft.Practices.ServiceLocation.ActivationException">if there is are errors resolving
            the service instance.</exception>
      <returns>A sequence of instances of the requested <paramref name="serviceType" />.</returns>
    </member>
    <member name="M:Microsoft.Practices.ServiceLocation.ServiceLocatorImplBase.GetInstance``1">
      <summary>
            Get an instance of the given <typeparamref name="TService" />.
            </summary>
      <typeparam name="TService">Type of object requested.</typeparam>
      <exception cref="T:Microsoft.Practices.ServiceLocation.ActivationException">if there is are errors resolving
            the service instance.</exception>
      <returns>The requested service instance.</returns>
    </member>
    <member name="M:Microsoft.Practices.ServiceLocation.ServiceLocatorImplBase.GetInstance``1(System.String)">
      <summary>
            Get an instance of the given named <typeparamref name="TService" />.
            </summary>
      <typeparam name="TService">Type of object requested.</typeparam>
      <param name="key">Name the object was registered with.</param>
      <exception cref="T:Microsoft.Practices.ServiceLocation.ActivationException">if there is are errors resolving
            the service instance.</exception>
      <returns>The requested service instance.</returns>
    </member>
    <member name="M:Microsoft.Practices.ServiceLocation.ServiceLocatorImplBase.GetAllInstances``1">
      <summary>
            Get all instances of the given <typeparamref name="TService" /> currently
            registered in the container.
            </summary>
      <typeparam name="TService">Type of object requested.</typeparam>
      <exception cref="T:Microsoft.Practices.ServiceLocation.ActivationException">if there is are errors resolving
            the service instance.</exception>
      <returns>A sequence of instances of the requested <typeparamref name="TService" />.</returns>
    </member>
    <member name="M:Microsoft.Practices.ServiceLocation.ServiceLocatorImplBase.DoGetInstance(System.Type,System.String)">
      <summary>
            When implemented by inheriting classes, this method will do the actual work of resolving
            the requested service instance.
            </summary>
      <param name="serviceType">Type of instance requested.</param>
      <param name="key">Name of registered service you want. May be null.</param>
      <returns>The requested service instance.</returns>
    </member>
    <member name="M:Microsoft.Practices.ServiceLocation.ServiceLocatorImplBase.DoGetAllInstances(System.Type)">
      <summary>
            When implemented by inheriting classes, this method will do the actual work of
            resolving all the requested service instances.
            </summary>
      <param name="serviceType">Type of service requested.</param>
      <returns>Sequence of service instance objects.</returns>
    </member>
    <member name="M:Microsoft.Practices.ServiceLocation.ServiceLocatorImplBase.FormatActivationExceptionMessage(System.Exception,System.Type,System.String)">
      <summary>
            Format the exception message for use in an <see cref="T:Microsoft.Practices.ServiceLocation.ActivationException" />
            that occurs while resolving a single service.
            </summary>
      <param name="actualException">The actual exception thrown by the implementation.</param>
      <param name="serviceType">Type of service requested.</param>
      <param name="key">Name requested.</param>
      <returns>The formatted exception message string.</returns>
    </member>
    <member name="M:Microsoft.Practices.ServiceLocation.ServiceLocatorImplBase.FormatActivateAllExceptionMessage(System.Exception,System.Type)">
      <summary>
            Format the exception message for use in an <see cref="T:Microsoft.Practices.ServiceLocation.ActivationException" />
            that occurs while resolving multiple service instances.
            </summary>
      <param name="actualException">The actual exception thrown by the implementation.</param>
      <param name="serviceType">Type of service requested.</param>
      <returns>The formatted exception message string.</returns>
    </member>
    <member name="T:Microsoft.Practices.ServiceLocation.ServiceLocatorProvider">
      <summary>
            This delegate type is used to provide a method that will
            return the current container. Used with the <see cref="T:Microsoft.Practices.ServiceLocation.ServiceLocator" />
            static accessor class.
            </summary>
      <returns>An <see cref="T:Microsoft.Practices.ServiceLocation.IServiceLocator" />.</returns>
    </member>
  </members>
</doc>